{"id":"0577bf18-7aa7-429a-8e35-c2c46421e697","revision":0,"last_node_id":0,"last_link_id":0,"nodes":[],"links":[],"groups":[],"config":{},"extra":{"workflowRendererVersion":"LG","ds":{"scale":0.7321714736523123,"offset":[-1624.9871406181383,-6808.050067765393]}},"version":0.4}